element_no,name,type,unit,warning,models
"101","PT1","analog","kg/cm²","> 5","UF-01 / PT1"
"102","PT2","analog","kg/cm²","> 5","UF-01 / PT2"
"103","PT3","analog","kg/cm²","> 5","UF-01 / PT3"
"104","PT4","analog","kg/cm²","> 5","UF-01 / PT4"
"106","入水電磁式流量(瞬間)","analog","m³/h","> 100","FIT-01"
"107","入水超音波流量(瞬間)","analog","m³/h","> 100","FIT-02"
"108","產水超音波流量(瞬間)","analog","m³/h","> 100","FIT-03"
"109","入水電磁式流量(累計)","analog","m³","","FIT-01"
"110","入水超音波流量(累計)","analog","m³","","FIT-02"
"111","產水超音波流量(累計)","analog","m³","","FIT-03"
"112","導電度計","analog","μS/cm","","EC-01"
"113","產水濁度","analog","NTU","> 1","TU-01"
"114","原水液位","analog","cm","< 0.5","T-01"
"115","產水液位","analog","cm","< 0.5","T-02"
"120","原水液位HH","level","","","T-01"
"121","原水液位H","level","","","T-01"
"122","原水液位L","level","","","T-01"
"123","原水液位LL","level","","","T-01"
"157","原水液位M","level","","","T-01"
"124","SV1-1","valve","","","SV1-1"
"125","SV1","valve","","","SV1"
"126","SV2","valve","","","SV2"
"127","SV3","valve","","","SV3"
"128","SV4","valve","","","SV4"
"129","SV5","valve","","","SV5"
"130","SV6","valve","","","SV6"
"131","SV7","valve","","","SV7"
"132","SV8","valve","","","SV8"
"133","SV9","valve","","","SV9"
"134","SV10","valve","","","SV10"
"135","SV11","valve","","","SV11"
"136","SV12","valve","","","SV12"
"137","SV13","valve","","","SV13"
"138","UF產水槽HH","level","","","T-02"
"139","UF產水槽H","level","","","T-02"
"140","UF產水槽L","level","","","T-02"
"158","UF產水槽M","level","","","T-02"
"143","過濾泵A","pump","","","P-01A"
"144","過濾泵B","pump","","","P-01B"
"145","逆洗泵A","pump","","","P-02A"
"146","逆洗泵B","pump","","","P-02B"
"147","NaOCI加藥機A","pump","","","D-01A"
"148","NaOCI加藥機B","pump","","","D-01B"
"149","藥液循環泵","pump","","","P-03"